ARI_a,ARI_p,ARI_o,ARI_c
0.49743759299057694,0.8532382650029708,0.2883035831709329,0.5765123594292118

