ARI_a,ARI_p,ARI_o,ARI_c
0.49743759299057694,0.8386598733981782,0.07673860911270981,0.6312588950705137

